sentence,ground_truth_syllable_count,predicted_syllable_count,model_id
"However, she's changed and solid in her beliefs.",12,14,gpt-4o
This story is about a young girl's redemption in a small town.,16,16,gpt-4o
 Grace has resigned herself to simply completing the upbringing of her teenage daughter.,22,22,gpt-4o
Donald Braxton becomes the pastor of Grace's church and there is an immediate attraction.,24,21,gpt-4o
Will Grace be able to accept what God has laid before her.,15,17,gpt-4o
" Gwen is grieving for her fiance, Kyle.",10,11,gpt-4o
"Killed in Afghanistan, Kyle is survived by his best friend, Tony.",16,17,gpt-4o
"It's time for Gwen to move on, but she is finding it difficult.",16,18,gpt-4o
 Hannah Heartwell has no idea what she’s doing in Mexico.,17,17,gpt-4o
Her relationship with Jorge has changed as has the sleepy little village.,19,19,gpt-4o
Why is everyone fearful and unhappy.,11,11,gpt-4o
"She has also spent one year dating the school’s charismatic pastor, Jorge.",19,19,gpt-4o
A lot has happened in that one year.,9,10,gpt-4o
The one thing that hasn't happened is a proposal.,13,13,gpt-4o
"If not, she just may have to leave Mexico behind for good..",15,17,gpt-4o
"Her faith, along with her patience, is sorely tested as Christmas approaches.",19,19,gpt-4o
She is torn between two worlds and what is right and wrong.,13,15,gpt-4o
She meets him randomly in the woods at his family's cabin.,16,16,gpt-4o
From the start she's shaken by the lust his touch awakens inside her.,17,19,gpt-4o
"Still mourning the loss of his mate, Cale is stunned to find Sorcha alive.",17,19,gpt-4o
Desire that could unlock their past...or cause him to lose her all over again.,20,19,gpt-4o
You never get over your first love.,9,10,gpt-4o
"But, disappearing into the anonymous folds of a tourist town isn't easy.",22,19,gpt-4o
Her arrival in Tipee Island sets off a string of disturbing acts of vandalism.,23,21,gpt-4o
"It's not only her business, but her very life that's in danger.",16,17,gpt-4o
A stirring tale of love and feud.,8,10,gpt-4o
" Captured by the swashbuckling pirate, Edward Christian, Eleanor feared degradation and, possibly, death.",26,24,gpt-4o
A botched drug raid took her father’s life when she was 7.,14,15,gpt-4o
On her 13th birthday she witnessed her mother’s murder.,14,15,gpt-4o
"Alone in the world, Jennifer Blade sets out to even the score.",16,17,gpt-4o
Little does he know that all vacations are not created equal.,17,17,gpt-4o
"All this, and as Steve says, they still have six days of vacation left.",16,19,gpt-4o
"Their relationship touches long-buried feelings in Jennifer, and shatters the mundane existence suffocating Steve.",29,27,gpt-4o
THE GIRL IN THE STONE CIRCLE is Karen Hayes’ latest novel.,15,17,gpt-4o
And suddenly Emma’s not so sure.,9,10,gpt-4o
"The two are thrown together, amidst the chaotic but secretive lives of the locals.",22,21,gpt-4o
HOW TO CHEER A SAD WIDOWER.,8,10,gpt-4o
If he is considered cynical--some would say positively misanthropic--it's of little consequence to him.,29,27,gpt-4o
"As is the ton's latest darling, Lady Olivia Cunningham.",17,17,gpt-4o
"WHY FALL IN LOVE WITH HIM, OF COURSE.",8,10,gpt-4o
Never has Olivia met a man who so desperately requires a woman's love...,23,21,gpt-4o
THEY WERE THE ORIGINAL ODD COUPLE.,10,11,gpt-4o
"To the English, Bram Ramsdale was Troy Castleman, star of stage and screen.",17,19,gpt-4o
"To Tally, he was just a pain.",8,10,gpt-4o
"Though he was sophisticated, charming and witty, he was definitely not her type.",22,20,gpt-4o
And then the real fireworks began....,8,10,gpt-4o
The gun trained on his chest left him with no choice...,11,14,gpt-4o
So why did it have to hurt so bad...and cost her so much.,14,17,gpt-4o
Caitlyn Brown had never expected C.,10,12,gpt-4o
Starr to walk back into her life after all they'd endured.,14,15,gpt-4o
She nearly burst with happiness ..,8,10,gpt-4o
"Still, Sara wanted to be his wife -- and more.",11,14,gpt-4o
Gavin Carlisle was trapped and he knew it.,10,12,gpt-4o
At least his bride was beautiful.,8,10,gpt-4o
"Her creamy full breasts, smooth alabaster skin, and soft red lips were tempting, indeed.",20,21,gpt-4o
Isla was supposed to get her happily ever after.,15,14,gpt-4o
"The Beast Masters Series, Book 2.",8,10,gpt-4o
Jaston and Malock were once as close as brothers.,12,13,gpt-4o
War and the scars it left behind changed that.,10,12,gpt-4o
"In fact, she’s as spirited as they come.",10,11,gpt-4o
If they don’t do it soon they risk The Heat overtaking them.,15,17,gpt-4o
She wants them to dominate her right into an orgasmic frenzy.,18,17,gpt-4o
This novella is hot and dirty and won’t apologize for that fact.,18,17,gpt-4o
"When Ruel Chouteau returns home after his supposed death, he shocks everyone.",18,19,gpt-4o
Now Ruel and Anne must face a future they never expected.,15,17,gpt-4o
Mixing fire and ice can be hell.,9,10,gpt-4o
Fyra had one job: make the vampire Bishop the underworld’s tool.,16,19,gpt-4o
"But despite her best feminine wiles, the delicious male wouldn’t break.",17,19,gpt-4o
Now pursued by her fellow demons—and one very angry Bishop—she’s running out of options.,24,21,gpt-4o
Does this couple have an icicle's chance in hell.,12,12,gpt-4o
Get your copy to find out.,7,8,gpt-4o
"Sex, blood, and rock n\’ roll.",6,8,gpt-4o
Now I fear it might be true.,7,9,gpt-4o
In eight seconds Dalton Merrill's professional bull riding days—and the fame he enjoyed—ended.,23,21,gpt-4o
"Emilee Walker trusted Dalton with her heart, and he left her for the rodeo.",21,19,gpt-4o
"She wanted Dalton to return home, but not like this.",13,13,gpt-4o
Now she wonders if it's responsibility or love that holds him on Lone Creek.,20,19,gpt-4o
Watch out—these heroes and heroines have claws.,12,12,gpt-4o
Four purrfectly passionate matches are made for the ages in this were-cat collection.,22,21,gpt-4o
Casey Mitchell has always kept his identity as a were-lynx secret.,20,17,gpt-4o
Their survival depends on trusting each other with secrets better left unspoken.,21,19,gpt-4o
Will these two lonely souls triumph and find true love … or lose everything.,17,19,gpt-4o
But falling in love could be the most dangerous game.,13,13,gpt-4o
 A historical western cowboy romance novel about a mail order bride.,20,19,gpt-4o
"Maggie is enthralled with Charles, the man she plans to marry.",14,17,gpt-4o
The loneliness also came then with the social stigma of being a spinster.,20,19,gpt-4o
"To say he was shy, would be the biggest understatement of the century.",19,19,gpt-4o
Not that she does much to catch his attention.,11,13,gpt-4o
A novella by USA Today Bestselling Author Jen Talty.,18,15,gpt-4o
Violet knows she shouldn't be consorting with the enemy.,16,15,gpt-4o
But she can't resist the adorable baby and her handsome new caretaker.,20,19,gpt-4o
Violet traded her chance at motherhood for her career years ago.,18,17,gpt-4o
But raising a family with Jake could be everything she's ever wanted.,19,17,gpt-4o
A killer who was dressed as a LaMar Pond policeman.,14,15,gpt-4o
"But then she's attacked again, and rescued…by a LaMar Pond cop.",17,17,gpt-4o
Trusting Lieutenant Dan Willis is frightening.,12,12,gpt-4o
"But to protect her babies, she'll risk anything.",12,13,gpt-4o
John Cabell secretly commissions Adam to build the most powerful rifle of its time.,23,19,gpt-4o
"Increasingly, it is clear that no good can come from these bitter tensions.",18,19,gpt-4o
Mysterious killings cast a sinister shade over the frontier community.,21,19,gpt-4o
" Is it possible that love, unlike lightning, can strike twice in the same place.",18,19,gpt-4o
"After all this time, old Adam Kyle may harbor one last secret.",16,17,gpt-4o
Jennie Nan spends her time wrapped in boredom.,10,12,gpt-4o
"Now she’s a prisoner of her body, as it slides toward death.",16,17,gpt-4o
"Now, seeking adventure downtown, she’s found Miles Carson, a positively beautiful man.",22,21,gpt-4o
"But oddly, her watch is still running.",9,10,gpt-4o
"Unless it’s using the ghost of a battery, just maybe….",15,15,gpt-4o
"He is distinctly cold towards her, but despite his unpleasantness, he melts her heart….",21,24,gpt-4o
He could go head to head with the devil.,10,11,gpt-4o
But fortunately that wasn't going to be necessary.,16,13,gpt-4o
To his home territory in Chicago.,11,11,gpt-4o
The question was...what would he do with her once he had her.,14,17,gpt-4o
"He needed to find her and love her at any cost, cost, cost.",15,19,gpt-4o
I left the door open.And he stole me.,10,13,gpt-4o
Virginia finds herself back in The House where her nightmare began.,16,19,gpt-4o
PURE TRASH from cover to cover.,8,8,gpt-4o
Which one does he finally choose.,8,8,gpt-4o
"Foiling her brother’s activities, however, becomes her top priority.",20,17,gpt-4o
It should be a dream come true for divorcée Eve Kelly.,14,15,gpt-4o
Twins their secret daddy can never know about….,12,13,gpt-4o
But Eve isn't the same woman he left.,10,11,gpt-4o
It's as if she's hiding something.,8,10,gpt-4o
Adam is used to getting what he wants -- and he wants Eve.,14,17,gpt-4o
I never thought this would be my life.,9,10,gpt-4o
"Against all odds, I’ve managed to ensnare Manhattan’s most eligible bachelor.",21,19,gpt-4o
But the man I love is not who he claims to be.,12,13,gpt-4o
"To the world, he’s a wealthy, mysterious, playboy.",13,15,gpt-4o
"When his enemies come for us, will we be ready.",13,13,gpt-4o
"He doesn’t expect to find such a willing, or seductive, volunteer.",18,17,gpt-4o
Where did he learn therapeutic massage.,10,12,gpt-4o
Fox isn't making it any better by acting differently after her birthday.,21,19,gpt-4o
There’s nothing like a hot kiss on a cold day….,11,13,gpt-4o
"Only Gavin Fraser isn’t a fantasy, he’s a mouth-watering new flavor….",20,19,gpt-4o
"All the Delaneys loved a challenge, but she'd never learned how to surrender.",20,19,gpt-4o
Could she be subdued by the desire in Sloan's golden eyes.,15,15,gpt-4o
" When her twin brother Patrick disappeared, Brianne vowed to track down his abductors.",20,21,gpt-4o
"Then Sloan offered to rescue him, if she'd give herself to him.",15,17,gpt-4o
But would Sloan's desperate feud shatter their dreams of enduring love.,15,17,gpt-4o
The New York Times and USA Today Bestselling series continues..,18,17,gpt-4o
"I belong to him-body, heart, and soul.",10,12,gpt-4o
I found strength in his dominance.,8,10,gpt-4o
But I never imagined it would end like this.,12,12,gpt-4o
I thought I knew what marrying Alexander meant to my life.,16,17,gpt-4o
"That is, until everything gets turned upside down.",12,13,gpt-4o
"Torn between brother and lover, Freya doesn't know who to trust.",16,17,gpt-4o
"And, for the first time, Ingrid is in love with a charming detective.",17,19,gpt-4o
Will the discovery come too late to save those they love most.,15,17,gpt-4o
Ava Minor is done being the good girl.,11,12,gpt-4o
"Except Landon has no intention of letting his daring, seductive lioness go….",22,19,gpt-4o
"To top it all off, I miss my Stunner.",10,11,gpt-4o
"Protecting her body, heart, and soul is one of those.",13,17,gpt-4o
Forever.WARNING: Explicit violence which could be triggers for some readers.,19,19,gpt-4o
Explicit sex that might offend some readers.,11,11,gpt-4o
"As always, you can expect a HEA with no cheating.",13,14,gpt-4o
"As their search intensifies, Lisa and Trey have only each other to rely on.",21,19,gpt-4o
"Just a simple blacksmith’s assistant, he didn’t have much to offer, but his love.",20,20,gpt-4o
But he found another man had taken interest in Emily.,16,15,gpt-4o
	When they butted heads the man vowed his revenge.,11,12,gpt-4o
He left Bart for dead in the middle of the dessert.,13,13,gpt-4o
"For the first time in years, there is someone she is falling for.",15,17,gpt-4o
and it.s not someone her spouse would approve of.,12,13,gpt-4o
This includes most of my opinions.,9,10,gpt-4o
Except I don.t have popular opinions about anything.,17,15,gpt-4o
"I know I.m messed up, but it could be worse.",11,11,gpt-4o
Not even my wife understand thats.,9,11,gpt-4o
It.s taken twenty years for Reina and Aiko to seal their relationship.,21,19,gpt-4o
or their reason for living is.,8,10,gpt-4o
And they want so badly for it to be each other.,13,14,gpt-4o
"Lucas, Jackson, and Brandon are all friends who run a security company together.",23,21,gpt-4o
"More than that, they’re honorable men.",9,10,gpt-4o
"Will there be happily ever after for the finest men of Bath, the Dukes.",19,19,gpt-4o
WILL THERE BE TRUE LOVE BETWEEN THEM...,8,10,gpt-4o
marriage of convenience to safeguard his inheritance.,14,15,gpt-4o
"However, when a threat against their twin babies is uncovered,.",16,17,gpt-4o
can true love finally blossom for the Duke of Cumberland and his bride.,18,18,gpt-4o
WILL THERE BE LOVE FOR THIS MARRIAGE OF INHERITANCE....,13,17,gpt-4o
"Lord Michael Havenshire, ready to become Duke Havenshire,.",15,15,gpt-4o
"He wants no one except Lady Clare,.",9,10,gpt-4o
but she wants nothing to do with him.,9,10,gpt-4o
"He is determined to win her heart, but he must become her….",15,17,gpt-4o
KNIGHT IN SHINING ARMOR IF SHE WILL LET HIM...,11,12,gpt-4o
 and become a pauper in his hometown.,10,12,gpt-4o
WILL THE RUMORS OF ILLEGITIMACY RUIN HIS LIFE.,15,15,gpt-4o
Rose will have nothing to do with him.,9,10,gpt-4o
Will they be doomed to lonely lives.,8,10,gpt-4o
The Smithton triplets had picked Texas Ranger Steve Kessler to marry their mom.,19,21,gpt-4o
But how could they bring a big-city lawman to a place like Almost.,16,19,gpt-4o
"Write him about the ""murder"" in town.",9,10,gpt-4o
Widow Taylor Smithton was aghast at her boys' latest stunt.,15,15,gpt-4o
"A whole month of boating, swimming, and exploring.",12,13,gpt-4o
"And try as they might, neither one can help wondering whom T.J.",16,15,gpt-4o
"will prefer - friendly, athletic Cassie or quiet, sensitive Claudia.",19,19,gpt-4o
The girls have always been as close as two sisters can be.,14,16,gpt-4o
Will that change if one of them wins T.J.'s love.,12,13,gpt-4o
But the story did not end there.,8,8,gpt-4o
Elizabeth receives Darcy's Last Promise in his final moments in that lifetime.,21,19,gpt-4o
"The story is full of humor, hope, frustration, pain and joy.",15,17,gpt-4o
Watch for the sequel Darcy's Last Promise Tested.,12,13,gpt-4o
It’s the last one before reality sets in and they’re off on their own.,18,19,gpt-4o
Carly is ready to break the mold and stop being known as a goody-two-shoes.,20,21,gpt-4o
Carly isn’t like the rest of the girls at school that drive him crazy.,17,19,gpt-4o
Can she endure such treachery and survive the sweeping winds of uncertainty.,20,20,gpt-4o
The highly anticipated last book in the Anathergians Trilogy is here at long last.,24,21,gpt-4o
"Their leader, Travik, is gathering a force from space to kill every last human.",21,21,gpt-4o
His hold is slipping as the threats multiply each day.,13,14,gpt-4o
"Then there’s Auden’s Lifemate, Leah, whom he loves above all others.",16,19,gpt-4o
"THE QUEEN J'ashidah, the Anathergian gathering, is upon them.",17,19,gpt-4o
It doesn’t matter that the villain is her father.,13,13,gpt-4o
"She’s had enough of his continual harassment and attacks, especially to those she loves.",23,22,gpt-4o
"She will do whatever it takes, including lies and deception, to end this threat.",20,19,gpt-4o
"First, however, he must convince Leah to agree with his way of thinking.",19,19,gpt-4o
"Best-selling novelist Celine Hart is up against that figurative wall, writer's block.",21,20,gpt-4o
"Hard as she tries, she finds her computer screen blank, and her paper unmarked.",18,20,gpt-4o
Stephan has experienced Celine's frustrations on his way to becoming a popular Christian singer.,27,22,gpt-4o
Will Stephan and Celine's unplanned reunion be just another walk down memory lane.,22,21,gpt-4o
Will Stephan have the courage to share the reason behind his remarkable success story.,23,21,gpt-4o
"I had exactly the life I'd always wanted, until it...wasn't.",17,17,gpt-4o
"Not exactly the perfect confidante, right.",11,12,gpt-4o
"He was patient, he didn't judge, and he had a wicked sense of humor.",18,19,gpt-4o
Centurion Marcus Florius Corvus has a splendid career in the legions ahead of him.,25,21,gpt-4o
"She regains consciousness in a cabin with her dangerously sexy, muscled rescuer.",23,20,gpt-4o
Sheikh Rashid of Quador finally wants to marry his arranged bride.,17,17,gpt-4o
But Jenna has discovered what a playboy he really is.,15,14,gpt-4o
Clair around to keep her on her toes.,9,11,gpt-4o
The rugged daredevil pilot had an uncanny knack for unsettling her completely.,23,21,gpt-4o
It was a night of exquisite rapture that changed Lady Octavia Grenville's life forever.,24,21,gpt-4o
"Matthew, the Earl of Sutcliffe, is not the man Octavia once knew.",17,19,gpt-4o
Somehow he must expose his own heart in order to find hers...,15,17,gpt-4o
But first it has to start.,6,7,gpt-4o
Nettie Smith is a writer in search of a story.,13,13,gpt-4o
There’s only one catch: She must go undercover as a mail-order bride.,18,19,gpt-4o
Now she just needs to convince him to be the hero.,13,15,gpt-4o
Mail Order Mounties is a multi-author series set in Canada during the early 1900s.,27,21,gpt-4o
"If you love a sweet mail order bride romance, you will love this story.",17,19,gpt-4o
This is their story of love and bonding over nature.,14,14,gpt-4o
"Still, Naomi tries to focus on her relationship with Bryce.",16,17,gpt-4o
Can it withstand head games and cruel intentions.,12,13,gpt-4o
"I'm not a good guy, Kate.",6,7,gpt-4o
"Stranded with a rich, rugged rancher….",9,12,gpt-4o
Single mom Alexa Rodriguez's first child-free vacation in years is supposed to be low-key.,25,21,gpt-4o
But then she meets brooding Texas rancher Hayes Elliott.,14,15,gpt-4o
"And when a storm strands them together, their undeniable chemistry explodes.",20,19,gpt-4o
Can a man who’s lost everything he holds dear learn how to believe again.,18,19,gpt-4o
"With the help of the townspeople, Gabriel grudgingly carries on with the business.",21,21,gpt-4o
If The Shoe Fits – Book 1.,6,6,gpt-4o
Tangled At First Sight  – Book 6.,7,8,gpt-4o
"Disguised as a prim schoolmarm, she hid more than her alluring beauty.",18,19,gpt-4o
"For no one could see her fierce determination, her able sharp-shooting, her survivor's heart.",23,25,gpt-4o
No one except the one man determined to claim her as his own...,16,19,gpt-4o
Christian McBride sought justice for the misguided verdict that wrongly jailed him years before.,22,24,gpt-4o
"Jade Mackenzie is starting a new life in Pacific Grove, California.",19,19,gpt-4o
A discovery of a hidden portrait unleashes a series of bizarre dreams and visions.,24,21,gpt-4o
The Scottish firefighter is eager to offer his assistance to the beautiful business owner.,25,24,gpt-4o
"Yet, despite his irresistible good nature, he seems to be hiding a painful past.",22,19,gpt-4o
These men stop at nothing to destroy their enemies.,13,13,gpt-4o
Will Jade find her answers before it's too late.,11,12,gpt-4o
Will she discover true love in the arms of her Scottish fireman.,16,17,gpt-4o
The White Raven cozy mystery series keeps you guessing until the end.,19,19,gpt-4o
"The newly orphaned Orina Vandeholt had wealth, beauty and aristocratic blood.",21,19,gpt-4o
"Yet in Mexico, a terrifying adventure awaited.",16,14,gpt-4o
Instead the young beauty is forced into marriage with their tall and arrogant leader.,21,20,gpt-4o
"Orina, his captive bride, cursed him for the Devil..",13,14,gpt-4o
to the time would change her mind..,7,10,gpt-4o
but he is more interested in her chequebook than herself.,15,17,gpt-4o
I sure hadn’t been half that self-aware in my student days.,14,17,gpt-4o
It was too late to turn my life upside down.,11,12,gpt-4o
"“I don’t just mean the artwork I restore, either.",12,15,gpt-4o
"I certainly didn’t pull away.“There’s…uh… something you should know,” I stammered.",20,24,gpt-4o
“I didn’t mention it before because it didn’t seem important.,17,18,gpt-4o
"But…uh…my ex, Toni…that stands for Antonia, you know.",15,17,gpt-4o
Not Anthony.”Celeste didn’t seem at all surprised.,12,15,gpt-4o
Her soft pink lips curved into a little smile as she nodded.,15,17,gpt-4o
"“Yes, I had more or less figured that out.",10,12,gpt-4o
"She continued in a perfectly frank, but hopeful tone.",14,15,gpt-4o
I thought we could get to know one another even better.”.,15,15,gpt-4o
They're in for the ride of their lives.,8,10,gpt-4o
"Stunned at the secret Beau reveals, Celeste is forced to make a life-altering decision.",22,21,gpt-4o
Ashlyn MacLeod’s life is all she ever wanted.,12,14,gpt-4o
The sight takes her breath away.,7,9,gpt-4o
And why does she feel such a magnetic connection to him.,15,15,gpt-4o
He told her that nothing could take her away from him ..,13,15,gpt-4o
He wasn't meant to love her...or even like her.,12,15,gpt-4o
But Jemima's effervescent charm and wicked sense of humor have Miles reevaluating everything.,27,24,gpt-4o
She certainly isn't bedazzled by his usual gifts or flirty one-liners.,21,19,gpt-4o
But Anna Sinclair’s soul calls out to him.,10,11,gpt-4o
The Transformation of Anna is the first book in the award-winning Cornerstone Deep series.,24,The sentence has 24 syllables.,gpt-4o
"BUY NOW, and enter the unforgettable world of Cornerstone Deep today.",19,20,gpt-4o
Warning: Contains subject matter that may be offensive to sensitive readers.,20,19,gpt-4o
Sekani’s headlong rush puts him in unexpected peril.,15,14,gpt-4o
To be this close to nirvana and walk away because I am coy.,17,17,gpt-4o
I closed my eyes tightly and swallowed down my fears.,12,13,gpt-4o
"He craved me, in any way he could get me.",11,13,gpt-4o
But there is more for Casey to be worried about than forbidden love.,18,17,gpt-4o
"To do that, she must walk a dangerous tightrope between desire and reality.",22,19,gpt-4o
And she soon begins to realise nothing will ever be the same again.,18,17,gpt-4o
"Cursed since the day of his creation, Seth has struggled with his identity.",19,19,gpt-4o
"Handed a dagger as a child, Kaitlyn O'Hara has slaughtered demons her entire life.",23,21,gpt-4o
Katie holds the key to help save humanity.,12,13,gpt-4o
"However, he could prove to be her biggest threat.",12,13,gpt-4o
He fights his desire to claim her.,9,10,gpt-4o
Together they wage war to protect humanity.,13,13,gpt-4o
She saw only one way out -- a cold leap into the Thames.,14,15,gpt-4o
And she would have done it if one man had not saved her.,13,15,gpt-4o
But now the danger had just begun for Alyna.,13,13,gpt-4o
Could Lord Dorrington save her one more time.,10,12,gpt-4o
Now she automatically steers away from any potentially domineering male..,22,21,gpt-4o
no matter how original or intriguing his approach.,15,15,gpt-4o
"Another Christmas season looms on the horizon, and Carly Devereaux is single.",22,19,gpt-4o
But she doesn’t have the best luck with men.,10,11,gpt-4o
"She’s already dated every broke, neurotic, emotionally unavailable man in a five-mile radius.",30,24,gpt-4o
"However, she’s determined to make this year different.",14,15,gpt-4o
"This Christmas, she’s going to find the perfect guy.",12,13,gpt-4o
If something can go wrong with her love life…it will.,12,14,gpt-4o
She’s spent her last year trimming the tree alone.,11,12,gpt-4o
Now all she has to do is beat the odds and find Mr.,14,15,gpt-4o
You know you've read a wonderful story when you can't stop smiling afterwards.,19,19,gpt-4o
"Is such a great start to the Maine Sullivans. Ashley, 5 stars.",15,17,gpt-4o
"Flynn Stewart, an award-winning screenwriter, seems to have the perfect Hollywood life.",21,21,gpt-4o
"Because of them, she had the courage to create a successful candy confection business.",23,21,gpt-4o
Flynn has never met anyone as cheerful and open as Cassie.,17,17,gpt-4o
"They love hard, laugh uproariously and live in the moment. 5 stars from Isha.",19,21,gpt-4o
"Sweet, charming, heartwarming and sexy in all the right ways. 5 stars from Marybeth.",20,21,gpt-4o
Can't Take My Eyes Off Of You.,7,9,gpt-4o
"RHIANNON, AN ORPHANED HUNTRESS, RAISED BY GREAT-HEARTED STRANGERS.",15,19,gpt-4o
Sienna always thought her type of man was slim and handsome.,15,17,gpt-4o
"An emotional, deeply passionate medieval romance.",15,15,gpt-4o
"“Just what I needed -- a nude, animalistic amnesiac with exhibitionist tendencies.",25,24,gpt-4o
Was this shift ever going to end.” -- Dr.,10,11,gpt-4o
She’s also seriously repressed; her ex convinced her she had no talent for sex.,21,21,gpt-4o
"Her life has enough low points, thank you very much.",12,13,gpt-4o
But it’s going to get worse… much worse.,9,12,gpt-4o
Because someone is trying to kill her.,10,10,gpt-4o
But he knows he doesn’t trust anyone but Janine to treat him.,16,17,gpt-4o
Something about ‘Red’ stirs his protective instincts…and his animal passions.,19,20,gpt-4o
If he can protect her from the killer -- and himself.,13,15,gpt-4o
Mary thought she could play the system.,9,10,gpt-4o
"Lewis, her sweetheart, exposes the ridiculousness of the plan, leaving them at square one.",23,22,gpt-4o
"Chad Singleton, twenty-nine and model gorgeous, works as a high-priced escort for wealthy men.",23,24,gpt-4o
"After all, it was his homophobic father who banished Chad years ago.",19,19,gpt-4o
"When he returns, he is thrown into the mystery surrounding how his father died.",21,19,gpt-4o
"Fortunately the sexy chief of police, Brett Ellers, has caught Chad's eye.",18,19,gpt-4o
"In Eden, everyone has an agenda, their motives as dark as the night.",19,19,gpt-4o
"In Eden, even the wealthy -- especially the wealthy -- play dirty.",17,17,gpt-4o
The wrong twin…or the right one.,7,10,gpt-4o
A Coltons of Roaring Springs romance.,9,11,gpt-4o
"Marketing exec Skye Colton suddenly disappears, putting the Roaring Springs Film Festival in jeopardy.",28,25,gpt-4o
"Enter Skye's identical twin, Phoebe, who poses as her sister.",17,17,gpt-4o
This new mother must follow her heart….,9,11,gpt-4o
"'Tis the season of love, forgiveness…and goodbyes.",12,13,gpt-4o
"Lady Sophia Carlton had led a pampered life, spoiled by her wealthy doting parents.",22,21,gpt-4o
It was Jareth who forced Sophia to be honest with herself and her motives.,20,19,gpt-4o
Her only salvation was the stranger.,10,11,gpt-4o
Conrad Wyatt was unlike any man she'd ever met.,14,12,gpt-4o
He was direct and forceful--unafraid to speak his mind or express his desires.,20,21,gpt-4o
"According to her mother, that's a good thing.",11,12,gpt-4o
Combine two hot guys and one lonely girl.,10,12,gpt-4o
When they say you better be careful what you wish for..,13,14,gpt-4o
 Remember Claire from Unraveling the Billionaire.,13,14,gpt-4o
"Beware, it’s hot in the kitchen.",8,10,gpt-4o
But does Kiku want him in return.,9,10,gpt-4o
Jessie was certain Slade had to love her.,10,12,gpt-4o
"No matter the obstacles, Slade will get her back.",12,13,gpt-4o
"The intriguing redhead is not only beautiful and smart, but gentle with her patients.",22,21,gpt-4o
But it soon becomes clear Samantha has a concerning secret she’s unwilling to share.,22,19,gpt-4o
But her ex-husband won't let her go.,9,11,gpt-4o
Will Reese convince Samantha to love again.,11,11,gpt-4o
"But she was just his lowly employee, and he called the shots....",15,17,gpt-4o
"Frightened by his newfound feelings, Lucas flees to Scotland.",14,17,gpt-4o
"He should turn Jess over to the Symbiosis of Species Council, SOSC.",18,19,gpt-4o
He rightly suspects that this female is his bloodmate.,13,15,gpt-4o
"But on this particular voyage, he found his task harder than usual.",19,17,gpt-4o
But people are not tame either.,8,10,gpt-4o
Morning brings the realization that she's alone -- and far off trail.,16,17,gpt-4o
until she meets him.Cole Reynolds is the devil disguised as a man.,17,21,gpt-4o
Especially once her new husband takes off his clothes and leads her to bed...,17,20,gpt-4o
"After two years in hiding, Angela Taylor knows her independence is worth it.",21,20,gpt-4o
"As long as she can escape her past, she has everything under control.",18,18,gpt-4o
Chris proves he can save lives -- and weaken a girl's knees.,12,16,gpt-4o
Her happiness or his safety: it shouldn't even be a choice.,16,17,gpt-4o
"Because when you love someone, you protect them, no matter the cost.",16,17,gpt-4o
"At least, that's what Angela keeps telling herself….",12,14,gpt-4o
Willie Adams is at the L.A.,9,9,gpt-4o
Equestrian Center shopping for her first horse.,12,13,gpt-4o
"He wasn’t the only one, either.",8,10,gpt-4o
"Bobby Fermino is not as handsome, nor as pleasant.",14,15,gpt-4o
On the condition -- that they get married.,10,12,gpt-4o
The lawyer's words echoed through Celia's mind.,11,12,gpt-4o
"Once, marrying Rick Harland was the only thing she'd wanted.",15,15,gpt-4o
"Now, four years later, she could scarcely contemplate it.",13,15,gpt-4o
"Perhaps a marriage of convenience, she thought.",11,13,gpt-4o
But Rick soon rid her mind of that possibility.,13,12,gpt-4o
How could she leave the perfect love they'd discovered.,12,15,gpt-4o
But how could it survive in an imperfect world.,12,13,gpt-4o
"She’s sexy, feisty and on the run from a cult leader.",14,15,gpt-4o
Calculating opportunist Tamara Post never cared what anyone thought about her—except for her sister.,29,25,gpt-4o
She dances on the edge of life…and death.,10,12,gpt-4o
Not all are meant to walk in the light.,9,11,gpt-4o
"In him, she sees something of herself and of what she could be.",15,17,gpt-4o
"Now duty faces off against the raw, overwhelming attraction she has for Mike.",21,20,gpt-4o
Even though on the surface they couldn't be more different.,15,15,gpt-4o
Read this series Anne L.,6,7,gpt-4o
Parks (Romantic Suspense Author of the Return to Me Series).,16,19,gpt-4o
Jayden Edwards doesn't do romantic relationships.,14,13,gpt-4o
Cameron Tovaren had his word turned completely upside down with just one phone call.,21,21,gpt-4o
Especially one who had no problem voicing her opinion.,15,17,gpt-4o
All it took was one touch and deep down they both knew.,12,15,gpt-4o
A grieving girl meets a boy with mystical powers in this passionate love story.,21,20,gpt-4o
"The boy -- intense, beautiful -- is Will Cohen, a newcomer to the island.",19,19,gpt-4o
To keep her from wasting away.,8,9,gpt-4o
"His meddling irritates Scarlett, though she can't deny her attraction to him.",20,19,gpt-4o
"As their relationship blossoms into love, Scarlett's body slowly awakens at Will's touch.",23,21,gpt-4o
A discovery that threatens to force them apart.,13,13,gpt-4o
"And if it does, Scarlett fears she will unravel all over again.",17,17,gpt-4o
Part Three of the Corsets and Carriages serial novels.,14,15,gpt-4o
“I will not be a wife in name only.”.,10,12,gpt-4o
“There can be no turning back once you have given yourself to me.”.,16,17,gpt-4o
"When independent Rebecca derides her best friend's brother for being a Dominant, he scoffs.",24,21,gpt-4o
"Erotic Consensual BDSM Romance, bondage, whipping, sex toys.",18,19,gpt-4o
He has built his barriers against Christmas -- and for a very good reason.,19,19,gpt-4o
Kristen's hoping she can start to melt his defenses…with one magical mistletoe kiss.,22,22,gpt-4o
Jud Hess has loved Derek Gentry since they were children.,13,15,gpt-4o
"All that changed with Derek's tragic death only four years later, on Christmas Day.",19,19,gpt-4o
"He vowed that he would never, ever, be with another man.",15,17,gpt-4o
But Derek's death brought an unlikely gift.,10,11,gpt-4o
"After his lover died, Jud began to see spirits.",13,14,gpt-4o
"Or at least, he used to.",6,8,gpt-4o
The Holy War between Angels and Demons is now over.,15,15,gpt-4o
When they exist outside of time and no longer serve much of a purpose.,18,19,gpt-4o
Why would he be amongst people when he is who he is.,14,15,gpt-4o
No one wants to be around someone as poisonous as him.,15,17,gpt-4o
At least that’s what he thinks.,6,8,gpt-4o
"To break this spell he must win Anne Willowby, but only aft.",15,19,gpt-4o
 May Bolen offers Sam Austin a marriage of convenience.,15,15,gpt-4o
Gerwyn is the man of Sarah's dreams.,9,10,gpt-4o
"Handsome and attentive, he is everything she could ever want.",16,17,gpt-4o
A small town with big secrets.,7,9,gpt-4o
I saw behind them a reluctance to live her life like this.,15,17,gpt-4o
I wanted so badly to protect her from all of it.,14,14,gpt-4o
She had to learn for herself that there are many different ways of loving.,19,17,gpt-4o
What was it like to fall in love.,8,10,gpt-4o
"To be overwhelmed, ecstatic, lifted out of ordinary life, floating on a cloud.",22,21,gpt-4o
" She hadn't willed it to happen, but POW., here it was.",13,13,gpt-4o
"When Natasha gets shot after the first concert, her fiancé, Jonce Striker, steps in.",21,21,gpt-4o
"Natasha's torn between her love for Striker, and her desire to do her job.",20,19,gpt-4o
Will she give in to Striker's demands and forget about her profession.,18,19,gpt-4o
Or will she stay with Giki and do whatever it takes to protect her.,18,19,gpt-4o
"The choice is obvious to Natasha, but will she live to regret it.",18,17,gpt-4o
Nothing will keep Louisa from her great-aunt's fortune.,13,15,gpt-4o
Except perhaps a phantom who turns out to be a most eligible bachelor.,21,19,gpt-4o
Book One: The Road Through Rushbury by Martha Keyes.,12,15,gpt-4o
Book Two: The Last Eligible Bachelor by Ashtyn Newbold.,16,17,gpt-4o
Book Three: A Forgiving Heart by Kasey Stockton.,12,14,gpt-4o
Book Four: (Coming soon) A Well-Trained Lady by Jess Heileman.,14,17,gpt-4o
Book Five: (Coming soon) from Deborah M.,10,12,gpt-4o
Book Six: (Coming soon) A Haunting at Havenwood by Sally Britton.,17,19,gpt-4o
Book Seven: (Coming soon) His Disinclined Bride from Jennie Goutet.,16,19,gpt-4o
"Sexy as sin, and twice as hot...",8,10,gpt-4o
Abigail Gooden's Uncle Vidal is in love.,12,13,gpt-4o
"His soon-to-be bride, Ariana Huntingdon, has asked him to perform a séance.",21,19,gpt-4o
"Before Vidal can perform the séance, Ari dies in his arms--and it's definitely murder.",24,21,gpt-4o
One of the five people in the room did it.,11,12,gpt-4o
Was it one of the spoiled children whose allowances were to be cut off.,18,17,gpt-4o
"Was it Ari’s long-suffering, poor-relation secretary, Rose Connors.",17,17,gpt-4o
"Or was it the butler, Simmons.",8,10,gpt-4o
Abbie and Luc barely begin to investigate Ari’s death before another murder occurs.,25,21,gpt-4o
"A sprawling family ranch in Wyoming, or a swanky Hamptons hideaway.",20,19,gpt-4o
But these lovebirds won't be corralled â€¦.,9,10,gpt-4o
"In his arms, she found peace and her smile again.",11,14,gpt-4o
Ice Dreams Part 3 is the conclusion to Hunter and Madison’s story…Don’t miss out.,21,21,gpt-4o
Still he had a job to do.,7,8,gpt-4o
Go undercover and infiltrate her mission house.,13,13,gpt-4o
Prove for the record that Angelica was innocent.,14,13,gpt-4o
Keeping constant company with Angelica had begun to soothe his weary soul.,21,19,gpt-4o
The last thing she needs now is a complicated romance....,14,15,gpt-4o
"A strong bond develops between them, bringing complications for David's real-life relationship with Angela.",29,27,gpt-4o
"About the same time, Daniel comes to work there.",11,12,gpt-4o
"In time, Almira and Daniel fall desperately in love.",15,15,gpt-4o
I can help you break the news to your partner if you like.,14,17,gpt-4o
"No partner to worry about, he said.",10,11,gpt-4o
He pushed himself up to sit and took the cup from the doctor.,15,17,gpt-4o
"He was definitely in a hospital, he decided.",15,15,gpt-4o
"Your friends brought you, the man said.",7,10,gpt-4o
"We have different definitions of that word, Logan said.",15,15,gpt-4o
he asked though he suspected he already knew..,12,13,gpt-4o
How would Hail take the news that he is now a father.,13,15,gpt-4o
Korrine “Korri” Taylor is an up and coming designer.,15,15,gpt-4o
"After humiliatingly rejecting innocent Katie years before, he's as complicated and brooding as ever.",30,27,gpt-4o
"To protect Katie, Jared demands she stay at his luxury villa.",18,17,gpt-4o
Russian princess Ekaterina Romanova sees through the gilded facade of the Winter Court.,25,21,gpt-4o
Juan Morales has most of the other nurses eating out of his hand.,17,19,gpt-4o
But there is a secret in the depths behind that seductive face….,16,17,gpt-4o
There's also something about his live-life-to-the fullest attitude that seems to be contagious.,24,24,gpt-4o
This is not a standalone and should NOT be read as one.,14,15,gpt-4o
Three months with future rockstars seems like an epic summer plan.,15,17,gpt-4o
Until she learns she'll also be sharing the bus with Cam.,14,14,gpt-4o
"Her first love, and her first heartbreak.",8,11,gpt-4o
Breaking Vee's heart was never Cam's plan.,9,11,gpt-4o
"Now, he has a second chance to make it right.",11,12,gpt-4o
"But things get complicated when ratings-crazy producers, cameramen, and fans are involved.",23,21,gpt-4o
Can he rewrite their love song with the whole world watching.,13,15,gpt-4o
Troy Sellen is a werelion on a mission no one can know.,16,17,gpt-4o
Hailey Molloy has always thought that the world is fair and just.,15,19,gpt-4o
Finding out that it wasn't didn't leave her unscathed.,13,14,gpt-4o
So who could blame her for wanting a night off.,11,13,gpt-4o
"Oh, and he's apart of the very organization she's being forced to work for.",21,20,gpt-4o
"Does she trust her heart, or her brain.",8,11,gpt-4o
It can and should be read as a standalone.,11,12,gpt-4o
Except she made the whole thing up.,8,9,gpt-4o
He wants their son to have the stable home life Travis never had.,16,17,gpt-4o
Desire like this wasn't in the script...,10,11,gpt-4o
Sexual attraction to a man is a first for Chris.,14,14,gpt-4o
Now he realizes why his relationships with women have never felt quite...complete.,22,19,gpt-4o
"For starters, there's his professional ethics.",11,12,gpt-4o
Then there's the long trail of female broken hearts in Chris's wake.,15,17,gpt-4o
But Hollywood endings aren't real life.,10,11,gpt-4o
"And when the truth leaks out, their careers aren't the only collateral damage.",20,19,gpt-4o
Warning: A hunky Hollywood sex symbol.,11,12,gpt-4o
A desire so powerful it cannot be denied.,14,13,gpt-4o
This isn't your normal boy-meets-boy story.,11,12,gpt-4o
"Unlike human men around her, Rafe is not weak.",12,13,gpt-4o
"But neither is she, and Rafe is about to learn it.",13,15,gpt-4o
Time for making up their minds is running out.,11,12,gpt-4o
"If not for his young daughter, he would have given up completely.",16,17,gpt-4o
"Many years ago, Cicely ""Sissy"" Evans fancied herself in love with Joseph Scott.",22,22,gpt-4o
"When he returned to Weatherton, she was shocked at the difference.",16,19,gpt-4o
Just one scream and Clover’s life is changed forever.,12,13,gpt-4o
 Who would have thought saving a werewolf pup would lead her to him.,15,17,gpt-4o
She’ll be forced to adjust to her changing life.,11,13,gpt-4o
"However, it’s harder than shifting without a break.",13,14,gpt-4o
The hunters keep attacking and things go from bad to worse.,14,15,gpt-4o
Nothing will stop him from protecting his new family.,14,14,gpt-4o
                  Billionaires on the Beach is now complete.,10,14,gpt-4o
This is book 1 of 4.,6,7,gpt-4o
Sweet and hardworking Eva has just graduated from college.,16,15,gpt-4o
What results is a night of passion that will change her life...,14,17,gpt-4o
A sexy vacation awaits you inside these pages.,14,13,gpt-4o
This book contains strong sexual content and is not intended for readers under 18.,23,19,gpt-4o
"Now they'll have to see each other every, single day.",14,14,gpt-4o
What has changed our standard of living.,10,10,gpt-4o
Globalization hurt our economy and could possibly decimate the middle class in America.,29,24,gpt-4o
Service jobs with mediocre wages are not the answer.,15,14,gpt-4o
VICTORIA HAD NO ONE TO TURN TO.,10,11,gpt-4o
It was natural that she should be grateful to him.,13,13,gpt-4o
Yet where did the boundary lie between gratitude and love.,15,15,gpt-4o
"Can you run from fate, or is destiny's pull too strong.",13,15,gpt-4o
Arden is devastated when his mate runs from him.,13,14,gpt-4o
Remy soon realizes she's made the biggest mistake of her life.,17,15,gpt-4o
"Content Warning: contains graphic sex, strong language, and violence.",16,17,gpt-4o
"If they lose, at least they'll meet again in death.",11,13,gpt-4o
Valkyrie 106 is the final book in the Afterlife Academy series.,23,19,gpt-4o
Books are best read in order.,7,9,gpt-4o
"When she and he were only babies, they were pledged in marriage.",15,17,gpt-4o
He vows to return to her as soon as he can.,12,13,gpt-4o
"Halima does what she can to resist, but she has no choice.",15,17,gpt-4o
" An American Bookseller Association Pick of the Lists, 1996.",22,17,gpt-4o
A Book Links Editors' Choice of 1996.,13,12,gpt-4o
" An American Bookseller Association Pick of the Lists, 1996.",22,17,gpt-4o
A Book Links Editors' Choice of 1996.,13,12,gpt-4o
"Backbreaking days, wild nights, and the hard hum of steel between your thighs...",16,21,gpt-4o
Vince Grossier is the self-crowned outlaw king around here.,14,15,gpt-4o
And she's a temptation too good to pass up.,11,13,gpt-4o
She soon finds herself in conflict with the autocratic programme presenter Dr Justin Welles.,23,21,gpt-4o
The war years are behind them.,7,8,gpt-4o
"And one by one, the widows of Lyttlefield Park are getting restless...",17,19,gpt-4o
"For hardly your typical widow, she remains innocent to the pleasures of the flesh.",22,20,gpt-4o
Perhaps I wasn't myself when I met him.,11,11,gpt-4o
This is the way I truly am.,8,9,gpt-4o
Chance “The Chancellor” Gerhardt is a mainstay for Frontier Professional Wrestling.,20,20,gpt-4o
He’s won multiple championships and has the respect of the locker room.,19,19,gpt-4o
"But after ten years at the top, Chance is looking for a new challenge.",17,19,gpt-4o
"The one he gets, mentoring FPW’s young rookie, is both unexpected and unwanted.",21,21,gpt-4o
Devin Jacobs is a hot new talent signed by Frontier Professional Wrestling.,20,19,gpt-4o
He has it bad for the steely eyed veteran wrestler.,15,15,gpt-4o
"Unfortunately for Devin, The Chancellor isn’t looking to get involved with anyone.",24,21,gpt-4o
But he’d also love the opportunity to win Chance’s heart.,16,15,gpt-4o
Or will their shot at love be defeated 1-2-3.,13,13,gpt-4o
Christa Tomlinson is a lifelong fan of professional wrestling.,17,17,gpt-4o
"Genius surgeon Franklin Grant needs only three things -- work, work and more work.",17,19,gpt-4o
But when a family anniversary party leads to a date with Dr.,19,18,gpt-4o
"Dina Hamilton, Franklin knows he's in trouble.",12,14,gpt-4o
"Dina is gorgeous, brilliant…and Franklin is her supervisor at the hospital.",21,19,gpt-4o
An affair could damage his reputation.,11,12,gpt-4o
"But when their relationship is exposed, could Dina be the one behind the sabotage.",22,20,gpt-4o
Could a fabulous French proposal change her mind.,12,14,gpt-4o
"When that dream comes under threat, they'll do whatever it takes to save it.",17,19,gpt-4o
Harper's world is spinning out of control.,10,11,gpt-4o
“A story of reckoning that walks a fine line between vengeance and obsession…..”.,20,20,gpt-4o
They stole a piece of his life and got away with it.,13,14,gpt-4o
Now Parker must keep her alive long enough to take the stand.,15,16,gpt-4o
Cashenna is taken into protective custody and whisked away to a secret location.,25,21,gpt-4o
"Under Parker’s protection, he was certain she was safe.",14,15,gpt-4o
"But when he arrives at the safehouse, he finds nothing but bloodshed and bodies.",19,20,gpt-4o
"His team is dead, and his witness - missing.",10,13,gpt-4o
The Sharpest Edge by Seressia Glass.,10,11,gpt-4o
"Anaru is a Maori warrior, unique among his tribe.",16,17,gpt-4o
"When Anaru walks into the restaurant where Cam works, sparks fly between them.",19,19,gpt-4o
"While falling in love, danger stalks the carnival.",12,13,gpt-4o
Cam and Anaru join forces to prevent a disaster.,15,15,gpt-4o
Mistress of the Beasts by J.M.,8,8,gpt-4o
Delki Okello commands the beasts against the evil coming through the portals.,20,20,gpt-4o
"Three months ago, her sister's murdered body was found in the California desert.",21,19,gpt-4o
But falling for the main suspect isn't part of her plan.,14,14,gpt-4o
***THE PRISONER is a novella (approx.,11,12,gpt-4o
"25,000 words) intended to be read AFTER The Replacement.",18,17,gpt-4o
"My name is Christian Walker, and Elise Duchamp is my drug of choice.",17,19,gpt-4o
"No matter how hard I try to break the habit, it’s a lost cause.",16,19,gpt-4o
"Okay, maybe I haven’t really tried to quit this particular habit.",19,18,gpt-4o
All I can think about is owning her.,10,11,gpt-4o
Only I know how to make her toes curl.,10,11,gpt-4o
None of them can compare to me.,8,10,gpt-4o
But the joke is on me.,6,7,gpt-4o
The one who will never compare to him.,10,11,gpt-4o
The one man who makes me see red.,8,10,gpt-4o
His name is stored in her cell phone.,8,10,gpt-4o
"She loves him, and I love her.",7,9,gpt-4o
"In my own way, I always will.",8,10,gpt-4o
But the bad guy doesn’t always belong with the bad girl.,14,15,gpt-4o
I wish I was that good man.,7,9,gpt-4o
That I could be her happily ever after.,12,12,gpt-4o
"I guess that’s the thing about prisoners, though.",11,12,gpt-4o
Jenny’s behavior was becoming more daring and risky.,15,15,gpt-4o
"She wanted to be with the handsome Nathaniel, and had her husband’s approval.",20,21,gpt-4o
 Monica led Mark across the lobby into an English-style pub.,18,17,gpt-4o
They sat down at a small booth in a secluded area.,15,14,gpt-4o
"“I suppose you’re curious,” said Monica.",11,12,gpt-4o
"“That’s putting it mildly,” Mark replied.",9,10,gpt-4o
Why did you drag me away from the dance floor.,11,12,gpt-4o
This is part of the experience.,9,10,gpt-4o
You must know what this arrangement is about.,11,13,gpt-4o
Nathaniel is going to take your wife to bed.,12,13,gpt-4o
But her family's finances are in increasingly dire straits.,16,15,gpt-4o
He makes an offer she can't refuse.,9,10,gpt-4o
"Henry Reese, Earl of Warshire, hasn't slept in weeks.",13,15,gpt-4o
"There he meets a beautiful, intriguing woman―trespassing.",14,17,gpt-4o
Is this love for real―or just a dream.,9,11,gpt-4o
Sophie never expected this to happen.,11,11,gpt-4o
Sophie is irrevocably promised to another.,14,14,gpt-4o
The number one suspect is Jamie's former lover Jazzy Talbot.,17,19,gpt-4o
And then the killer strikes again...and again...with the same chilling signature.,19,20,gpt-4o
"Always the dutiful daughter, Fanny Mitchell surprised everyone when she broke her engagement.",24,21,gpt-4o
"And he won't allow sweet, lovely Fanny to suffer the consequences.",18,19,gpt-4o
She also wasn't prepared for the sparks that flew every time they were together.,21,19,gpt-4o
Only Xavier had no idea that fate had another plan for him.,18,17,gpt-4o
What do you do when you are fighting for your family.,14,14,gpt-4o
This is the question Bilal Ansell Blake aka Baby is faced with.,17,17,gpt-4o
Kane is the youngest Blake child and the most grounded.,12,15,gpt-4o
He is single with no kids and finishing up his last year of college.,18,19,gpt-4o
His focus has been on finishing school and going straight into the ministry.,20,19,gpt-4o
That is until his friend introduces him to her sister.,15,15,gpt-4o
Will he be able to resist temptation and remain focused on his goals.,19,19,gpt-4o
Or will his goals be deterred by the flesh.,10,11,gpt-4o
Shakira is the wife of Bilal.,9,11,gpt-4o
A BWWM romance brought to you by african-american author Nina Ford.,19,19,gpt-4o
"For Kendall, life since the Battle of Paradin has been quiet.",16,17,gpt-4o
 Neeka could never remember much from her childhood.,13,14,gpt-4o
Most of what she knows has been told to her by her guardian.,15,17,gpt-4o
"Her family killed, she finds a fierce guardian in Kendall.",15,17,gpt-4o
"Within hours of their return, tragedy strikes.",12,12,gpt-4o
"When he went Marine, the rule was don't ask, don't tell.",12,15,gpt-4o
His brothers-in-arms pretty much didn't ask and didn't care.,15,15,gpt-4o
A man he called best friend but let time and distance carry away.,16,17,gpt-4o
"Liam Gardiner grew up on the same Boston block as his best friend, Brenden.",18,21,gpt-4o
"Life made them best friends, can Madame Eve help them become so much more.",16,19,gpt-4o
Was she free from the past.,6,7,gpt-4o
"And kind, dependable Michael was waiting.",11,12,gpt-4o
He'll lose his life and those of everyone he holds dear.,13,15,gpt-4o
“Some men think there’s a choice between right and wrong.,11,15,gpt-4o
"Against protocol, he rescues Samantha and gives the wildcat a ride.",18,19,gpt-4o
Will their sacrifices be enough to stop the assault.,14,14,gpt-4o
Lane Warner is used to being overshadowed and overlooked.,16,15,gpt-4o
At the top of that list is his childhood friend Brynn Fox…no…Brynn Warner.,17,21,gpt-4o
Brynn Warner is used to being stuck between a rock and a hard place.,17,17,gpt-4o
At the very top of that list is Lane Warner.,12,13,gpt-4o
He was everything Brynn ever wanted and everything she knew she could never have.,21,22,gpt-4o
She’s going to bring her wayward cowboy home….whatever it takes.,16,17,gpt-4o
These boys are very good at putting the wild in wilderness.,15,15,gpt-4o
Pioneers poured into the West; Civil War ravaged the East.,15,17,gpt-4o
"But the chaotic world burst in upon them, separating them again.",18,18,gpt-4o
Then she noticed the cowardly sneak was awake--and enjoying himself.,18,17,gpt-4o
"Oh yeah, she thought about their sexy father as well.",13,14,gpt-4o
Will a misunderstanding - a misheard conversation - ruin their chance at love.,20,19,gpt-4o
Cherie's willing to walk away from the love of her life.,14,15,gpt-4o
Rick's job is to convince her to stay.,9,10,gpt-4o
"But now he's wide-awake, and a citified woman is glaring down at him.",19,19,gpt-4o
"Fighting the attraction he feels toward the blond-haired filly with the big, vulnerable eyes.",23,21,gpt-4o
Redeem her career by planning local weddings.,12,12,gpt-4o
"As he allows himself to get dangerously close, the threats to Adelaide continue.",22,21,gpt-4o
Sins of the past must be paid.,7,9,gpt-4o
But now he's back and determined to collect the debt she owes him.,16,17,gpt-4o
Designing his precious sister's wedding gown will cement Rose's career.,18,19,gpt-4o
But is the tango teaching lothario all he seems to be.,16,15,gpt-4o
"But where her brain might miss out, her body certainly doesn't.",15,15,gpt-4o
"They don't call sex the horizontal tango for nothing, it seems.",16,15,gpt-4o
"The obnoxious Elmer, however, seeks Emma's hand for himself.",16,17,gpt-4o
"Lost, she finds shelter at the home of a blacksmith who is a widow.",17,19,gpt-4o
"Going against his better judgment, he takes the mother and daughter in.",18,19,gpt-4o
There's a fine line between love .,7,10,gpt-4o
"As long as she keeps up her grades, makes law review.",12,16,gpt-4o
But trouble is just what walks in the door one scorching hot summer day.,17,19,gpt-4o
When Gabriel Storm crashes into Elizabeth's life she wants nothing to do with him.,22,21,gpt-4o
"She should walk away, hell, she should run away, but she can't.",14,17,gpt-4o
You have twelve reasons this season to stay indoors and fall in love.,16,19,gpt-4o
"My name is Cam, and I’m the head vampire of the Chicago coven.",17,19,gpt-4o
"At the worst possible time, I meet a human woman who hates vampires.",18,19,gpt-4o
Exactly what I swore I wouldn’t do.,10,10,gpt-4o
"The Blood Courtesans Series, where vampires are real, rich, powerful--and hungry.",19,21,gpt-4o
It's not supposed to be about love ..,9,11,gpt-4o
"Rafe Montoya had known his wife, Beth, was unhappy.",13,15,gpt-4o
He thought that being her knight in shining armor would be enough.,16,17,gpt-4o
"His Beth, ready and waiting to give him a second chance.",14,14,gpt-4o
Daulton Rinnich's life has been full of grief.,10,12,gpt-4o
"He pretends to enjoy life, but on the inside, Dault's content being miserable.",21,21,gpt-4o
"That is, until a tragic night changes his life views and priorities.",18,17,gpt-4o
So Tom was given a deamon.,8,10,gpt-4o
But a deamon must come from a murdered shifter.,12,14,gpt-4o
That murdered shifter was Derek Christian's mate.,11,12,gpt-4o
"He arrived too late to save his lover, and finds Tom instead.",15,17,gpt-4o
"Enraged, Derek takes Tom with every intention of punishing him.",18,17,gpt-4o
Emma Whittingham is leading a double life.,12,13,gpt-4o
Her father's suicide leaves her to care for her five younger siblings alone.,19,19,gpt-4o
"The trouble is, she can't seem to stay away from the sexy duke.",16,18,gpt-4o
The stars were aligned the night Katie Kingston met Joey Petersen.,17,19,gpt-4o
But nothing prepared her for the long journey they both would embark on.,17,18,gpt-4o
Should he make this mouse a respectable offer.,12,12,gpt-4o
Marrying her shouldn't upend his life...,10,12,gpt-4o
"His heart, however, is another matter...",11,12,gpt-4o
"Self-pity, she believes, is for the truly wretched.",13,14,gpt-4o
He's given up on happiness but will not reject sensual pleasure.,18,19,gpt-4o
"After all, a man has needs.",7,10,gpt-4o
And now the duke is faced with a choice.,9,11,gpt-4o
"She's rather pathetic and harmless, really.",11,12,gpt-4o
Oughtn't to upset his life whatsoever.,11,12,gpt-4o
He never wanted to become a beast.,10,10,gpt-4o
Marcus escaped the doctors who thought it was okay to experiment on him.,20,19,gpt-4o
"However, taking an alluring woman to his lair means having her close.",19,19,gpt-4o
Because there is only one punishment for a project gone rogue….,16,16,gpt-4o
"Hoping to follow in his footsteps, Jesse moves to St.",14,15,gpt-4o
But secret government agencies don’t have open recruitment.,16,17,gpt-4o
"He can’t share his life with just anyone, so dating’s out of the question.",18,19,gpt-4o
But how can Bryce keep Jesse safe when Jesse insists on running into danger.,20,20,gpt-4o
"At the age of thirty-one, Brooke Bailey still believed in Santa Claus.",17,Seventeen.,gpt-4o
She was determined to spread joy throughout her apartment building ..,16,19,gpt-4o
whether a certain neighbor wanted it or not.,12,12,gpt-4o
"Duncan Cox, Christmas was his least favorite time of year--and his busiest.",19,19,gpt-4o
"Lo and behold, Duncan enjoyed her joy.",10,12,gpt-4o
Only in the season of miracles...,10,11,gpt-4o
"An educator, she also writes books helping women to achieve more fulfilling sex lives.",23,21,gpt-4o
Cheyenne Moon Ranch in the Texas Hill Country.,11,12,gpt-4o
The Cowgirl and the City Slicker.,9,10,gpt-4o
    She's all Texas spunk and sass.,7,9,gpt-4o
Her love is the land -- her father's legacy.,11,14,gpt-4o
    He's the cousin of the man she almost married.,12,13,gpt-4o
He's also the only man who can save her land.,12,12,gpt-4o
"Quinn believes he’s dead, though Liam insists otherwise.",13,15,gpt-4o
And why does Liam play along.,8,9,gpt-4o
He was a sucker for a pretty face.,10,11,gpt-4o
"The blond, blue-eyed siren had tearfully requested his help ..",15,17,gpt-4o
and soon devastated him with her sensuous appeal.,14,15,gpt-4o
"He wanted her in his life, in his bed.",10,13,gpt-4o
And he wanted her in spite of her questionable past.,14,15,gpt-4o
"Forced to flee her new, powerful enemy, she runs straight into Tyler's arms.",19,19,gpt-4o
Will the killer sent to silence her forever complete his mission.,17,19,gpt-4o
Nothing and nobody can sever those that are forged between ones chosen family.,21,21,gpt-4o
Arynn will prove to Sheila how true that is.They say love hurts.,15,19,gpt-4o
Family is supposed to love and cherish one another.,15,15,gpt-4o
Sheila never had that growing up.,9,10,gpt-4o
"Lots of growly men, a crazy Fey Queen and her wolpires.",14,17,gpt-4o
"It is, too, a love story with numerous strands.",12,14,gpt-4o
"A high-spirited young beauty, she knew nothing of love's treacherous rhapsody...",20,21,gpt-4o
"UNITED BY CHANCE, THEY WERE MATCHED IN DANGEROUS PRIDE -- AND DESPERATE PASSION.",18,24,gpt-4o
Queen Victoria herself had decreed it: Lady Aidan Prescott must marry.,20,19,gpt-4o
The girl was too wild -- a husband would settle her.,12,15,gpt-4o
Warfield was fascinated by the copper-haired beauty ..,14,15,gpt-4o
The sparks of fate ignited when Aidan's father forced them to marry.,17,17,gpt-4o
"She is gorgeous but aloof, and he is handsome yet overfamiliar.",18,20,gpt-4o
But will Lauren succumb and agree to meet up with him again.,16,17,gpt-4o
And if some of those dreams play out in the bedroom.,12,14,gpt-4o
"After Dallas, Laidey Bartholomew finds Henderson to be a breath of fresh air.",21,19,gpt-4o
"All of a sudden, Laidey's not invisible anymore.",15,14,gpt-4o
Xavier Wright hasn't lived in Henderson for fourteen years.,14,17,gpt-4o
You'd think by now everyone would have forgotten about his juvenile antics.,20,19,gpt-4o
"Unfortunately, a certain little newcomer continually brings out the worst in him.",24,24,gpt-4o
She's way too prissy for him.,7,8,gpt-4o
He's way too domineering for her.,9,11,gpt-4o
Harry believes it's a match made in heaven.,11,12,gpt-4o
Silver Medal in the 2012 Readers' Favorite Awards.,16,15,gpt-4o
Jamie Collins is a junior at Santa Clara University in 1986.,24,19,gpt-4o
When Jamie discovers a foreign cell in his blood that links him to the.,18,19,gpt-4o
And the only way to stop it may be to prevent Titanic from sinking.,19,19,gpt-4o
"But even if he can figure out a way to do that, should he.",16,17,gpt-4o
What will be the effect on history if he succeeds.,14,13,gpt-4o
And what about the lady he wasn't supposed to fall in love with.,17,17,gpt-4o
"Banishment to Maple Hill is dismal, until a ghost appears requesting her help.",21,21,gpt-4o
"Then her girlhood crush, Eric Burke, arrives and suddenly Maple Hill isn't so bad.",21,19,gpt-4o
Then he wonders if her one experiment with pot has made her crazy.,18,19,gpt-4o
"When he asks to meet, Hannah hesitates.",10,11,gpt-4o
But the temptation is too strong.,8,10,gpt-4o
"And after one look into his sultry green eyes, there's no turning back.",17,19,gpt-4o
It's something all his money can't buy.,9,10,gpt-4o
"And now, Cade will do anything to earn it .",11,12,gpt-4o
Violet is a woman on a mission to get her life in order.,18,17,gpt-4o
Or she was supposed to be.,7,9,gpt-4o
"Sleeping with her smokin' hot new boss, however, definitely counts as a mistake.",21,19,gpt-4o
One she has no intention of repeating.,11,11,gpt-4o
Bar owner Alex has finally got his libido back following a crushing divorce.,23,20,gpt-4o
No way is he letting the curvaceous object of his lustful affections get away.,23,21,gpt-4o
They can have a relationship without it spilling over into the workplace.,20,19,gpt-4o
"Had he known, he would not have sent out those invitations.",14,17,gpt-4o
"He had to have her in his bed, no matter what the cost.",14,16,gpt-4o
"Suddenly, the normally ebullient Louise is thrown into turmoil.",18,17,gpt-4o
"Still, she's never been more than words on a page…until now.",14,17,gpt-4o
She can't help dreaming about being Troy's bride.,11,12,gpt-4o
"When pretend turns to desire, heartbreak is unavoidable.",16,17,gpt-4o
Between working on the TV show Do You Have What It Takes.,15,15,gpt-4o
"and his band reforming, he's too busy for a relationship.",16,17,gpt-4o
What he needs is a pretend girlfriend.,9,11,gpt-4o
As Chloe gets to know Sander she learns he's nothing like her scumbag ex.,18,19,gpt-4o
“This was a can’t-put-down read for me.,9,12,gpt-4o
The flow is perfect and it made me an Aimee Duffy fan.,15,15,gpt-4o
That some of the things that happen to us simply cannot be redone.,17,17,gpt-4o
"As it turns out, those roads we’ve traveled do not fade at all.",14,17,gpt-4o
"And Adria Caskey was about to settle the account, once and for all.",19,19,gpt-4o
Long ago her family had been ripped from her with no warning.,16,17,gpt-4o
fter her miraculous return from the dead and what that  meant to.,17,19,gpt-4o
"those in power, Arina Sophia Meran, well known as  professional model,.",21,21,gpt-4o
"social reformer, fundraiser, mystic,  and homeless advocate, becomes the.",19,19,gpt-4o
 target of assassination  and clandestine attempts to silence her truth.,19,19,gpt-4o
       Arina remembers through dreams and other.,11,13,gpt-4o
parallel transcendental experiences while she was dead the  life of.,19,21,gpt-4o
"Saint Elizabeth of Hungary, a saint that should by  birth have been a.",18,19,gpt-4o
Roman Empress in the 13th century.,11,10,gpt-4o
She  realizes that her present life.,10,11,gpt-4o
is an opportunity to restore  what was lost in the past including her.,20,19,gpt-4o
"memories, her mate,  her own life giving talents, and her very regal.",18,19,gpt-4o
place in  the grand order of Life.,8,10,gpt-4o
Elizabeth/Arina's soul mate further develops her  intuitive ability to.,23,21,gpt-4o
see through her lens of time.,6,8,gpt-4o
"union evolve, so does everyone  else that is fortunate enough to see or.",20,20,gpt-4o
The  collective force of this charismatic wake coalesces.,16,17,gpt-4o
" into a  right-relation, right government, nation-wide occupation  that.",20,20,gpt-4o
awakens people into democratic behavior and exposes  the lies and false.,22,20,gpt-4o
faith used to erase care and charity  from humanity.,15,17,gpt-4o
"day California and  medieval German and Hungarian castles, England, and.",21,24,gpt-4o
"at the  White House in Washington, D.C.",10,11,gpt-4o
 and unexplainable phenomenon confirm the knowledge  that secret forces.,20,21,gpt-4o
fear: she is the re-Sourcement and the  inspiration that will bring.,16,21,gpt-4o
about long over-due personal  and political changes.,16,15,gpt-4o
When they're not busy giving us migraines.” ~King Henry.,13,13,gpt-4o
No one ever said raising children was easy...but raising a future monarch.,20,19,gpt-4o
She is usually shy but very protective of those she cares for and love.,20,21,gpt-4o
"During a night out with friends, Joe and Yanet meet.",12,15,gpt-4o
"The two discover that they are truly soul mates.Joe’s identical twin brother, Dr.",22,21,gpt-4o
"When Victory delivers a baby daughter, the future seems full of promise.",20,19,gpt-4o
"However, the past is not that easily laid to rest.",14,13,gpt-4o
"But there is something familiar about the blue toad, something she cannot quite place….",20,19,gpt-4o
"Wes Tanner might be devastatingly handsome, but Abby has no time for romance.",21,19,gpt-4o
Especially with a man intent on leaving town.,12,13,gpt-4o
Except Marco isn't a man to forgive and forget.,14,14,gpt-4o
Sorcha Kelly fell head over heels for her impossibly irresistible boss years ago.,24,21,gpt-4o
But Drake McQuaid is very real--and every inch a powerfully attractive man...,21,21,gpt-4o
Sharp.But he’s the man with two rules:1.,10,13,gpt-4o
"No relationshipsCam pushes herself into Sharp's life, breaking down the walls he’s built.",21,21,gpt-4o
Soon they find themselves in a situation neither wants to walk away from.,19,19,gpt-4o
But one thing is certain—fifteen pairs of hearts will never be the same again.,19,20,gpt-4o
"She knows the murderer has blue eyes, but only that.",13,14,gpt-4o
Both fall in love to each other.,8,9,gpt-4o
Do the same become one FRAGMENTED LOVE in their lives.,13,14,gpt-4o
Piper Witt is waiting for a Christmas miracle.,13,13,gpt-4o
"Will He come through, just like she's expecting Him to..",12,14,gpt-4o
or will He do something unexpected in this season of her life.,17,17,gpt-4o
She can't fulfill her longtime dream of starting up her own bakery without help.,20,19,gpt-4o
"Since the day she returned to the residence, she wrongly trusted the evildoers.",21,21,gpt-4o
Her life was always in the calculations of others.,14,14,gpt-4o
She was already the laughing stock of the entire capital.,17,17,gpt-4o
"With Nick on the bench, its up to Abby to turn the game around.",16,17,gpt-4o
Will they strike out or end up with a homerun.,11,13,gpt-4o
Jazz Vanessen is weird—and not just because he’s a werewolf.,15,17,gpt-4o
"Since he’s adopted, he can’t even blame it on family.",15,15,gpt-4o
Penelope Hartson is tired of London life.,13,13,gpt-4o
"James Barstow, Duke of Embry, has everything.",11,14,gpt-4o
Men want to be him and women want to be with him.,13,15,gpt-4o
Suddenly he finds himself panting after someone else entirely.,18,17,gpt-4o
"Working for the Arc Foundation, she is to assess the Mission for funding.",19,19,gpt-4o
" Released from prison, Brock follows Nikki home.",11,13,gpt-4o
Eleanor Whitman hated the memory - and she hated him.,16,16,gpt-4o
Keegan knew Eleanor had loved him.,9,11,gpt-4o
And he'd never forgiven himself for what he'd done.,13,14,gpt-4o
Now he'd give anything to have her love him again.,13,14,gpt-4o
1886--Jesse Montgomery is beginning to feel restless.,16,15,gpt-4o
Could there be a future with Jesse only He could bring about.,16,17,gpt-4o
Melanie Jones didn't have time for fun.,10,11,gpt-4o
Could he show Melly that woman does not live by career alone.,16,16,gpt-4o
The man in front of him was definitely a disaster.,15,15,gpt-4o
"I mean, we all have secrets.",7,9,gpt-4o
 The kid down the street steals lawn gnomes.,8,10,gpt-4o
 The woman on the corner is having an affair.,13,13,gpt-4o
Because that’s the other thing about the suburbs.,12,12,gpt-4o
 I’m one of the smiling faces waving from my front porch.,14,15,gpt-4o
But to do this she would have to be even more heartless than he...,16,17,gpt-4o
it's a story of a Sioux maiden's pledge of love.,12,14,gpt-4o
It begins when a deserting galvanized-Yankee and young Sioux maiden meet.,19,19,gpt-4o
But it is love at first sight for both of them.,11,13,gpt-4o
The land is full of fighting and hatred between their people.,15,17,gpt-4o
Where can he find a job and a place for them to live.,13,15,gpt-4o
"Also, Ruth is a Christian and wants a church marriage before joining together.",20,20,gpt-4o
"Jason does also, especially because of their beliefs and his love for her.",19,19,gpt-4o
"It seems nothing goes easy, but Ruth has made her pledge Whither Thou Goest.",17,19,gpt-4o
A promise made to the man she loves and made before God.,14,17,gpt-4o
Follow them as they try to overcome disappoints that try to make them separate.,21,21,gpt-4o
"Joel Harper embodies masculinity, authority, and power.",19,15,gpt-4o
 — in his piercing blue eyes.,6,8,gpt-4o
"The thing is, I don’t have time for a steamy affair.",13,15,gpt-4o
Especially not with my new boss.,8,11,gpt-4o
 is a 200 page paranormal standalone Alpha Male romance novel.,20,19,gpt-4o
"Sean Foster and his best friend, Devin Schaub, are through with girls--for good.",16,19,gpt-4o
"Well, at least for Christmas vacation.",9,11,gpt-4o
Sean just cant erase Alex's breathtaking beauty from his mind.,16,17,gpt-4o
So he asks her out--without telling Devin.,11,13,gpt-4o
The last thing he needs is to get hurt again.,11,13,gpt-4o
Sean knows he should break it off--and fast.,9,12,gpt-4o
But its hard to play it cool when you're in love....,11,13,gpt-4o
Lost on the Bayou is the first book in the Bayou Series.,15,17,gpt-4o
Grant Kenner’s life is the bayou.,8,10,gpt-4o
"As game warden in Belle Grove, Louisiana, Grant spends his time along the water.",21,21,gpt-4o
He lives for his work and doesn’t waste much time on anything else.,16,18,gpt-4o
For years that’s the way he liked it.,8,11,gpt-4o
That all changes when Chloe comes back.,9,10,gpt-4o
Chloe Beaumont left Belle Grove years ago.,10,12,gpt-4o
"Romance is for her characters, not for real-life.",13,13,gpt-4o
"When her uncle suddenly disappears, Chloe returns to Belle Grove to find him.",20,19,gpt-4o
"As much as things have changed in Belle Grove, they’ve also stayed the same.",15,19,gpt-4o
Chloe never thought she’d have to spend time with Grant Kenner again.,16,17,gpt-4o
Here he plans on helping build new facilities for New Hopes Mission Agency.,20,19,gpt-4o
"However, before he leaves, Mike learns there was an accident at the building site.",20,19,gpt-4o
Now the person who was injured is missing.,11,12,gpt-4o
Could these two incidents be mere coincidence or is something more sinister at work.,22,21,gpt-4o
Contracted: One kiss with the tycoon.,9,12,gpt-4o
"In high school, Jake Trevelyan was Cassie Grey's dream rebel.",14,17,gpt-4o
"He surfed, rode a motorbike -- now he's her new boss.",12,15,gpt-4o
It's events planner Cassie's job to transform Jake's mansion into a snow-kissed wedding venue.,23,21,gpt-4o
Not to relive her old fantasy they're the ones getting married.,16,17,gpt-4o
"Out of her bitterness, there came a plan...",10,12,gpt-4o
Twelve years ago Lori's father had been destroyed by the ruthless lawyer Jacob R.,21,Twenty-one.,gpt-4o
Randell in a notorious embezzlement trial.,14,13,gpt-4o
She had reason to hate the Randell family.,12,12,gpt-4o
She did a fantastic job with this book.,10,10,gpt-4o
I would definitely recommend it...’ ~ Mrs Condit Reads Reviews.,17,19,gpt-4o
Book seventeen in the Campus Cravings series.,12,12,gpt-4o
"When you come to the end of a ten year search, what comes next.",14,17,gpt-4o
The last thing Zeke expects is the attraction he feels for the club's owner.,18,19,gpt-4o
ROB -- A Brash Doctor Who Specialized in Seduction.,13,15,gpt-4o
Major Rob McGee needed a wife--but he WANTED Heather Tomasi.,18,19,gpt-4o
He Fed Her Appetite for Passion with Pleasure.,12,14,gpt-4o
A passionate story of Irish pride and American determination--of old ties and new beginnings.,27,25,gpt-4o
Movie Tie-in.A Universal Pictures film starring Tom Cruise and Nicole Kidman.,21,24,gpt-4o
She's loved him all her life..,6,7,gpt-4o
but will he be there when she needs him the most.,11,13,gpt-4o
He decides to buy the boat and restore it to its former glory.,17,17,gpt-4o
Maggie Smith left her home and family behind her to forge a successful career.,21,19,gpt-4o
"Has she already had everything she dreamed of, and foolishly pushed it away.",20,19,gpt-4o
His family's newly found luck has given him the stability he once craved.,20,19,gpt-4o
Logan posed as a falconer to gain entrance and lay siege from within.,18,19,gpt-4o
"As he made his escape, she followed, running from a forced marriage.",16,19,gpt-4o
There are gifts you do not want.,7,8,gpt-4o
Mine has marked me out to be hunted.,9,10,gpt-4o
Now I am the last of my kind.,8,9,gpt-4o
Because I see peril.Seventeen-year-old Meri Marlowe is the last of her kind.,22,21,gpt-4o
First book in a new series set in the near future.,13,14,gpt-4o
Perfect for fans of the Hunger Games or the Starcrossed Trilogy.,16,19,gpt-4o
"Georgia, SuSu, Teeny, Linda and Diane have been friends for more than thirty years.",20,24,gpt-4o
It should have been a dream come true.,8,10,gpt-4o
But Joanne Webster's marriage to the eminent Dr.,13,13,gpt-4o
Daniel Grant was to be for mutual convenience.,13,13,gpt-4o
"Love doesn't enter into our agreement, he had informed her coolly.",19,19,gpt-4o
It is a fabricated emotion I have no time for.,15,14,gpt-4o
Joanne had worked well with Dr.,7,10,gpt-4o
But could she accept their loveless marriage without being hurt.,15,15,gpt-4o
"In this scorching Immortals After Dark/Dacian novel, #1.",16,17,gpt-4o
"To impress their females, the demon and the vampire kiss on a dare.",17,19,gpt-4o
"Once they finally break away from their soul-searing kiss, they find themselves alone--and shaken.",24,25,gpt-4o
Had they imagined their explosive chemistry.,12,12,gpt-4o
How long can they resist the fire that blazes between them.,15,15,gpt-4o
Lily has dealt with prejudice all of her life.,12,12,gpt-4o
"Society has never accepted Lily because of her heritage, and looks.",21,19,gpt-4o
"When she meets Bradley Thomas, he opens up a new life for lily.",17,19,gpt-4o
"Bradley comes from a wealthy cattle family, and manages his father's operations.",23,20,gpt-4o
Lily's life with Bradley is one adventure after another.,16,17,gpt-4o
She has to fight with Monica for her place in the Thomas family.,18,17,gpt-4o
She endures outlaws that attempt to kidnap and rape her.,14,15,gpt-4o
Will Lily find her way back to Bradley.,10,11,gpt-4o
"On the other hand, will Sandra and Jake keep them apart.",14,15,gpt-4o
Take a journey with one woman's struggle to be with the man she loves.,17,19,gpt-4o
"I'll resist his sexy, scruffy beard, and panty-melting smirk.I thought I was over him.",22,25,gpt-4o
